2,135 Airways,,GNL,United States,N
9,3D Aviation,,SEC,United States,N
10,40-Mile Air,Q5,MLA,United States,Y
12,611897 Alberta Limited,,THD,Canada,N
17,Aero Aviation Centre Ltd.,,AAD,Canada,N
22,Aloha Airlines,AQ,AAH,United States,Y
23,Alaska Island Air,,AAK,United States,N
24,American Airlines,AA,AAL,United States,Y
25,Aviation Management Corporation,,AAM,United States,N
26,Atlantis Airlines (USA),,AAO,United States,N
31,Astro Air International,,AAV,United States,N
35,Allegiant Air,G4,AAY,United States,Y
36,Angus Aviation,,AAZ,Canada,N
44,Alberta Citylink,,ABK,Canada,N
49,Airborne Express,GB,ABX,United States,N
50,ABX Air,GB,ABX,United States,N
53,Academy Airlines,,ACD,United States,N
57,Air Aurora,,AAI,United States,N
61,Air Charters,,ACX,Canada,N
66,Advance Leasing Company,4G,,United States,N
67,Aztec Worldwide Airlines,7A,,United States,N
81,Aerodyne,,ADY,United States,N
82,Avion Taxi,,ADQ,Canada,N
85,Air Dorval,,ADT,Canada,N
87,Advance Air Charters,,ADV,Canada,N
89,Anderson Aviation,,ADX,United States,N
91,Air Southwest Ltd.,,ASW,Canada,N
107,Air Alma,,AAJ,Canada,N
109,Alaska Central Express,KO,AER,United States,Y
115,Airway Express,,AEX,United States,N
117,Aerial Transit Company,,AEZ,United States,N
126,Air Fecteau,,AFH,Canada,N
134,Air Brasd'or,,BRL,Canada,N
135,Air 500,,BRM,Canada,N
140,Air Caledonia,,ACM,Canada,N
141,Air Guam,,AGM,United States,N
145,Air Cargo America,,MVM,United States,N
149,Air Cargo Carriers,2Q,SNC,United States,Y
152,Air Sandy,,SNY,Canada,N
164,Atlantic Gulf Airlines,,AGF,United States,N
166,Algoma Airways,,AGG,Canada,N
177,Atlantic Coast Airlines,,BLR,United States,N
182,Aero Flight Service,,AGY,United States,N
188,Aspen Helicopters,,AHF,United States,N
201,Air Integra,,AII,Canada,N
205,Alpine Air Express,5A,AIP,United States,N
210,Airlift International,,AIR,United States,Y
212,Air Baffin,,BFF,Canada,N
215,Air Brousse,,ABT,Canada,N
217,Air Illinois,,AIL,United States,N
222,Air Inuit,,AIE,Canada,N
228,Atlantic Island Airways,,AIW,Canada,N
236,Ameristar Jet Charter,,AJI,United States,N
237,A2 Jet Leasing,,AJJ,United States,N
246,Amerijet International,M6,AJT,United States,N
249,Alpha Jet International,,AJW,United States,N
254,Air BC,,ABL,Canada,N
262,Aklak Air,,AKK,Canada,N
264,Alkan Air,,AKN,Canada,N
273,American Flyers,,FYS,United States,N
274,Aero Coach Aviation,,DFA,United States,N
275,Atlantic Southeast Airlines,,CAA,United States,N
277,Air Logistics,,ALG,United States,N
280,Air Lincoln,,ALN,United States,N
281,America West Airlines,HP,AWE,United States,Y
282,Air Wisconsin,ZW,AWI,United States,Y
285,Arizona Express Airlines,,TMP,United States,N
287,Allegheny Commuter Airlines,,ALO,United States,Y
289,Altair Aviation (1986),,ALQ,Canada,N
293,Alyeska Air Service,,ALY,United States,N
294,Alta Flights (Charters) Ltd.,,ALZ,Canada,N
295,Air Sunshine,,RSI,United States,Y
298,Ameriflight,,AMF,United States,N
304,Aviation Amos,,AMJ,Canada,N
309,Air Montreal (Air Holdings Inc.),,AMO,Canada,N
313,Air Specialties Corporation,,AMR,United States,N
314,Air Muskoka,,AMS,Canada,N
315,ATA Airlines,,AMT,United States,Y
318,Air Midwest,ZV,AMW,United States,N
330,Air Canada,AC,ACA,Canada,Y
341,Air North Charter - Canada,4N,ANT,Canada,Y
342,Air Nevada,,ANV,United States,N
368,Air Vegas,6V,VGA,United States,N
376,Air Park Aviation Ltd.,,APA,Canada,N
384,Atlantic Airlines,,BJK,United States,N
387,ACM Aviation,,BJT,United States,N
392,Aeropro,,APO,Canada,N
394,Aspen Aviation,,APQ,United States,N
397,Arrow Air,JW,APW,United States,Y
398,Apex Air Cargo,,APX,United States,N
401,Aquila Air Ltd.,,AQL,Canada,N
403,Aluminum Company Of America,,AQO,United States,N
406,Aerodyne Charter Company,,AQZ,United States,N
409,Air Routing International Corp.,,ARC,United States,N
413,Arrowhead Airways,,ARH,United States,N
422,Arrow Aviation Ltd.,,ARO,Canada,N
437,Argosy Airways,,ARY,United States,N
438,Air Resorts,,ARZ,United States,N
440,Air-Spray 1967 Ltd.,,ASB,Canada,N
441,Air Star Corporation,,ASC,Canada,N
447,Air Satellite,,ASJ,Canada,N
451,Airsprint,,ASP,Canada,N
452,Atlantic Southeast Airlines,EV,ASQ,United States,Y
463,Air Transport Association,,ATA,United States,N
464,Atlantair Ltd.,,ATB,Canada,N
469,Air Charter World,,XAC,United States,N
471,Air Travel Corp.,,ATH,United States,N
478,Air Transport International,8C,ATN,United States,N
485,Atlas Airlines,,ATR,United States,N
490,Aero Trades (Western) Ltd.,,ATW,Canada,N
499,Austin Express,,TXX,United States,N
518,Aviair Aviation Ltd.,,AVF,Canada,N
535,Airvantage Incorporated,,AVV,United States,N
558,Awood Air Ltd.,,AWO,Canada,N
559,Arctic Wings And Rotors Ltd.,,AWR,Canada,N
562,Air West,,AWT,Canada,N
579,Action Airlines (Action Air Charter),,AXQ,United States,N
580,Alberni Airways,,BNI,Canada,N
585,Altus Airlines,,AXS,United States,N
604,Arizona Pacific Airways,,AZP,United States,N
616,Air Continental Inc,,NAR,United States,N
618,Air Newark,,NER,United States,N
626,Angel Flight America,,NGF,United States,N
627,Air Atonabee,,OUL,Canada,N
631,Advance Aviation Services,,XTJ,United States,N
648,Air Spirit,,SIP,United States,N
651,Aroostook Aviation,,PXX,United States,N
659,American Eagle Airlines,MQ,EGF,United States,Y
672,Aero Air,,WIL,United States,N
674,Aero Industries Inc,,WAB,United States,N
679,Aeronautical Radio Inc,,XAA,United States,N
684,Air-Rep,,XPR,United States,N
687,Air Sorel,,WHY,Canada,N
688,Air Net Private Charter,,WDR,United States,N
698,Aircraft Performance Group,,XLB,United States,N
704,Air-Lift Associates,,WPK,United States,N
710,Aviation Partners,,WLT,United States,N
714,Aviation North,,WLV,United States,N
721,AMR Services Corporation,,XAM,United States,N
722,Airline Operations Services,,XAO,United States,N
729,AT and T Aviation Division,,XAT,United States,N
731,Averitt Air Charter,,VRT,United States,N
741,American Flight Service Systems,,XFS,United States,N
765,Air Charter Professionals,,CHV,United States,N
767,Arctic Circle Air Service,5F,CIR,United States,N
768,Aviation Charter Services,,CKL,United States,N
771,Air Care Alliance,,CMF,United States,N
773,Air Toronto,,CNE,Canada,N
774,Aquila Air,,CNH,United States,N
776,Allcanada Express,,CNX,Canada,N
782,Air Creebec,,CRQ,Canada,N
783,Aero Charter and Transport,,CTA,United States,N
791,Air Transport,,CYO,United States,N
792,Access Air,ZA,CYD,United States,Y
796,Air Alpha,,DBA,United States,N
797,Air Niagara Express,,DBD,Canada,N
801,Astar Air Cargo,ER,DHL,United States,N
815,Aerodynamics Incorporated,,DNJ,United States,N
822,Aex Air,,DST,United States,N
824,Aero Dynamics,,DYN,United States,N
847,Epps Air Service,,EPS,United States,N
863,Air Exchange,,EXG,United States,N
868,Aviation Data Systems,,FBW,United States,N
869,Air Carriers,,FCI,United States,N
882,Air Florida,QH,FLZ,United States,Y
887,Ford Motor Company,,FRD,United States,N
905,Air Georgian,ZX,GGN,Canada,N
912,Aero Charter,,GLT,United States,N
917,Alberta Government,,GOA,Canada,N
925,Airlift Alaska,,GSP,United States,N
928,Atlas Air,5Y,GTI,United States,Y
943,Air Tahoma,,HMA,United States,N
944,Air Nova,,HMT,Canada,N
974,Avfinity,,UTX,United States,N
975,Alexandair,,JMR,Canada,N
980,Aerosmith Aviation,,JPR,United States,N
983,Air Canada Jazz,QK,JZA,Canada,Y
994,Air South,,KKB,United States,N
1005,Av Atlantic,,KYC,United States,N
1018,Aero Control Air,,LFC,Canada,N
1023,American Aviation,,LKP,United States,N
1025,Air Solutions,,LKY,United States,N
1065,Atlantic Aero and Mid-Atlantic Freight,,MDC,United States,N
1070,Asia Pacific Airlines,,MGE,United States,N
1076,Air Madeleine,,MLN,Canada,N
1080,AMP Incorporated,,MMP,United States,N
1091,Aerocharter,,MRM,Canada,N
1119,Atlantic Richfield Company,,NRS,United States,N
1132,Air Ontario,,ONT,Canada,N
1145,Air Cargo Express International,,PFT,United States,N
1155,Atlantic Coast Jet,,PRT,United States,N
1163,Aero Taxi,,QAT,Canada,N
1164,Aero Taxi Aviation,,QKC,United States,N
1165,Aviation Quebec Labrador,,QLA,Canada,N
1170,Air Center Helicopters,,RAP,United States,N
1174,Air Roberval,,RBV,Canada,N
1179,Air Mobility Command,MC,RCH,United States,N
1215,Air Cargo Masters,,RNR,United States,N
1246,Express Air Charter,,RXX,Canada,N
1250,Anoka Air Charter,,RZZ,United States,N
1253,American Jet International,,SCM,United States,N
1263,Air San Juan,,SJN,United States,N
1264,Aero-North Aviation Services,,SKP,Canada,N
1270,Airspeed Aviation,,SPD,Canada,N
1279,Aero 1 Pro-Jet,,SSM,Canada,N
1281,Aeropac,,STK,United States,N
1282,Air St. Thomas,,STT,United States,N
1286,Adler Aviation,,SWH,Canada,N
1295,Air Cargo Express,,TDG,United States,N
1297,Air Today,,TDY,United States,N
1315,Airmark Aviation,,TRH,United States,N
1316,AirTran Airways,FL,TRS,United States,Y
1317,Air Transat,TS,TSC,Canada,Y
1320,Avcenter,,TTE,United States,N
1333,Air LA,,UED,United States,N
1339,Air Castle Corporation / Global Airways,,GLB,United States,N
1347,Baker Aviation,8Q,BAJ,United States,N
1348,Blackhawk Airways,,BAK,United States,N
1350,Business Air Services,,BAM,Canada,N
1352,Bradly Air (Charter) Services,,BAR,Canada,N
1377,Bar Harbor Airlines,,AJC,United States,N
1382,Basler Flight Service,,BFC,United States,N
1384,Buffalo Airways,J4,BFL,Canada,N
1385,Bombardier,,BFO,Canada,N
1402,Bighorn Airways,,BHR,United States,N
1410,Big Island Air,,BIG,United States,N
1413,Boise Interagency Fire Center,,BIN,United States,N
1414,Bird Leasing,,BIR,United States,N
1418,Business Jet Solutions,,BJS,United States,N
1419,Bankair,B4,BKA,United States,N
1421,Barken International,,BKJ,United States,N
1429,Blue Horizon Travel Club,,BLH,United States,N
1434,Bearskin Lake Air Service,JV,BLS,Canada,Y
1435,Baltic Aviation,,BLT,United States,N
1442,Bemidji Airlines,CH,BMJ,United States,Y
1444,Bowman Aviation,,BMN,United States,N
1452,Bonair Aviation,,BNR,Canada,N
1453,Bancstar - Valley National Corporation,,BNS,United States,N
1459,Boeing,,BOE,United States,N
1460,Bordaire,,BOF,Canada,N
1470,Brock Air Services,,BRD,Canada,N
1472,Bering Air,8E,BRG,United States,Y
1474,Branson Airlines,,BRN,United States,N
1481,Braniff International Airways,BN,BNF,United States,N
1482,Buffalo Express Airlines,,BRX,United States,N
1492,Big Sky Airlines,GQ,BSY,United States,N
1496,Baltia Air Lines,,BTL,United States,N
1498,Business Express,,GAA,United States,N
1505,Buffalo Airways,,BVA,United States,N
1507,Baron Aviation Services,,BVN,United States,N
1514,Bar XH Air,,BXH,Canada,N
1517,Redding Aero Enterprises,,BXR,United States,N
1518,Berry Aviation,,BYA,United States,N
1529,Baltimore Air Transport,,CPJ,United States,N
1530,Boston-Maine Airways,E9,CXS,United States,N
1532,Baltimore Airways,,EAH,United States,N
1535,Business Express Delivery,,EXP,Canada,N
1547,Bombardier Business Jet Solutions,,LXJ,United States,N
1556,Butte Aviation,,PPS,United States,N
1558,Business Airfreight,,RLR,United States,N
1564,Bell Helicopter Textron,,TXB,Canada,N
1566,Biz Jet Charter,,VLX,United States,N
1570,Baseops International,,XBO,United States,N
1576,C and M Aviation,,TIP,United States,N
1577,C&M Airways,,RWG,United States,N
1591,CKC Services,,CKC,United States,N
1597,CSA Air,,IRO,United States,N
1605,Cal-West Aviation,,REZ,United States,N
1606,California Air Shuttle,,CSL,United States,N
1608,Calm Air,MO,CAV,Canada,N
1609,Camai Air,R9,CAM,United States,N
1613,CanJet,C6,CJA,Canada,N
1614,Canada Jet Charters,,PIL,Canada,N
1615,Canadian Airlines,CP,CDN,Canada,Y
1616,Canadian Coast Guard,,CTG,Canada,N
1617,Canadian Eagle Aviation,,HIA,Canada,N
1618,Canadian Forces,,CFC,Canada,N
1619,Canadian Global Air Ambulance,,BZD,Canada,N
1620,Canadian Helicopters,,CDN,Canada,N
1621,Canadian Interagency Forest Fire Centre,,TKR,Canada,N
1622,Canadian National Telecommunications,,XNC,Canada,N
1623,Canadian North,5T,MPE,Canada,Y
1624,Canadian Regional Airlines,,CDR,Canada,N
1625,Canadian Warplane Heritage Museum,,CWH,Canada,N
1626,Canadian Western Airlines,W2,CWA,Canada,N
1629,Cape Air,9K,KAP,United States,Y
1631,Cape Central Airways,,SEM,United States,N
1632,Cape Smythe Air,,CMY,United States,N
1633,Capital Air Service,,CPX,United States,N
1636,Capital Cargo International Airlines,PT,CCI,United States,N
1637,Capital City Air Carriers,,CCQ,United States,N
1639,Capitol Air Express,,CEX,United States,N
1640,Capitol Wings Airline,,CWZ,United States,N
1643,Cardinal/Air Virginia,,FVA,United States,N
1649,Cargo 360,GG,GGC,United States,N
1655,Cargojet Airways,W8,CJT,Canada,N
1665,Caribbean Express,,TLC,United States,N
1671,Carroll Air Service,,ULS,United States,N
1672,Casement Aviation,,CMT,United States,N
1673,Casino Airline,,CSO,United States,N
1674,Casper Air Service,,CSP,United States,N
1676,Castle Aviation,,CSJ,United States,N
1678,Catalina Flying Boats,,CBT,United States,N
1690,Centennial Airlines,,CNL,United States,N
1691,Centennial Flight Centre,,CNS,Canada,N
1696,Central Airlines,,CTL,United States,N
1699,Central Aviation,,YOG,United States,N
1703,Central Flying Service,,CHA,United States,N
1705,Central Mountain Air,,GLR,Canada,N
1707,Central Skyport,,CSI,United States,N
1709,Centre Airlines,,DTV,United States,N
1714,Centurion Air Cargo,WE,CWC,United States,N
1716,Century Aviation International,,HAI,Canada,N
1717,Certified Air Dispatch,,XAD,United States,N
1721,Chalk's Ocean Airways,OP,CHK,United States,N
1724,Challenge International Airlines,,OFF,United States,N
1727,Champion Air,MG,CCP,United States,N
1730,Channel Island Aviation,,CHN,United States,N
1731,Chantilly Air,,WML,United States,N
1732,Chaparral Airlines,,CPL,United States,N
1735,Charlie Hammonds Flying Service,,HMD,United States,N
1736,Charlotte Air National Guard,,CGD,United States,N
1738,Chartright Air,,HRT,Canada,N
1739,Chautauqua Airlines,RP,CHQ,United States,Y
1744,Cherokee Express,,CBM,United States,N
1745,Cherry Air,,CCY,United States,N
1746,Chesapeake Air Service,,CAB,United States,N
1747,Chevron U.S.A,,CVR,United States,N
1748,Cheyenne Airways,,CYA,United States,N
1749,Chicago Air,,CGO,United States,N
1750,Chicago Express,C8,WDY,United States,N
1753,Chilcotin Caribou Aviation,,DES,Canada,N
1754,Chilliwack Aviation,,CAD,Canada,N
1773,Chipola Aviation,,CEP,United States,N
1774,Chippewa Air Commuter,,CPW,United States,N
1776,Christman Air System,,CAS,United States,N
1778,Chrome Air Services,,CHO,United States,N
1779,Church Aircraft,,CHU,United States,N
1783,Cirrus Air,,NTS,United States,N
1786,Citationshares,,FIV,United States,N
1787,Citibank,,XCX,United States,N
1791,City of Bangor,,XBG,United States,N
1797,Citylink Airlines,,HSR,United States,N
1799,Civil Air Patrol South Carolina Wing,,BKR,United States,N
1805,Clark Aviation,,CLK,United States,N
1807,Clay Lacy Aviation,,CLY,United States,N
1814,Coastal Air,DQ,,United States,Y
1815,Coastal Air Transport,,TCL,United States,N
1816,Coastal Airways,,CNG,United States,N
1818,Cohlmia Aviation,,CHL,United States,N
1820,Colemill Enterprises,,CLE,United States,N
1821,Colgan Air,9L,CJC,United States,Y
1822,Colibri Aviation,,CAE,Canada,N
1823,Colt International,,CCX,United States,N
1824,Columbia Airlines,,COL,Canada,N
1825,Columbia Helicopters,,WCO,United States,N
1826,Columbus Air Transport,,KLR,United States,N
1827,Colvin Aviation,,GHP,United States,N
1828,Comair,OH,COM,United States,Y
1838,Commander Air Charter,,CML,Canada,N
1840,Commercial Aviation,,CMS,Canada,N
1842,Commonwealth Jet Service,,CJS,United States,N
1843,CommutAir,C5,UCA,United States,Y
1860,Compass Airlines,CP,CPZ,United States,Y
1862,Compuflight Operations Service,,XCO,United States,N
1863,Compuserve Incorporated,,XCS,United States,N
1864,Conair Aviation,,CRC,Canada,N
1866,Condor Aero Services,,CNR,United States,N
1869,Confort Air,,COF,Canada,N
1871,Congressional Air,,CGA,United States,N
1872,Conifair Aviation,,ROY,Canada,N
1873,Connectair Charters,,BSN,Canada,N
1874,Conquest Airlines,,CAC,United States,N
1875,Conroe Aviation Services,,CXO,United States,N
1880,Contel ASC,,XCL,United States,N
1881,Continental Airlines,CO,COA,United States,Y
1883,Continental Express,CO,,United States,Y
1884,Continental Micronesia,CS,CMI,United States,Y
1885,Continental Oil,,CON,United States,N
1887,Cook Inlet Aviation,,CKA,United States,N
1891,Copper State Air Service,,COP,United States,N
1896,Corpac Canada,,CPB,Canada,N
1900,Corporate Air,,CPT,United States,N
1901,Corporate Air,,CPR,United States,N
1902,Corporate Aircraft Company,,CPO,United States,N
1903,Corporate Airlink,,COO,Canada,N
1904,Corporate Aviation Services,,CKE,United States,N
1905,Corporate Flight International,,VHT,United States,N
1906,Corporate Flight Management,,VTE,United States,N
1907,Corporate Jets,,CJI,United States,N
1911,Cougar Helicopters,,CHI,Canada,N
1915,Courier Services,,CSD,United States,N
1917,Coval Air,,CVL,Canada,N
1921,Cree Airways,,CRE,Canada,N
1929,Crow Executive Air,,CWX,United States,N
1930,Crown Air Systems,,CKR,United States,N
1931,Crown Airways,,CRO,United States,Y
1932,Crownair,,CRW,Canada,N
1934,Cryderman Air Service,,CTY,United States,N
1935,Crystal Shamrock,,CYT,United States,N
1937,Cumberland Airways (Nicholson Air Service),,CBL,United States,N
1938,Custom Air Transport,,CTT,United States,N
1941,Cypress Airlines,,CYS,Canada,N
1948,D & D Aviation,,DDA,United States,N
1949,D&K Aviation,,DNK,United States,N
1965,DSWA,,RSK,United States,N
1970,Daimler-Chrysler,,DCX,United States,N
1974,Dallas Express Airlines,,DXP,United States,N
1976,Danbury Airways,,DSA,United States,N
1985,Dash Air Charter,,DSH,United States,N
1989,Dassault Falcon Jet Corporation,,CVF,United States,N
1992,Date Transformation Corp,,XDT,United States,N
1995,Dawn Air,,DWN,United States,N
1996,DayJet,,DJS,United States,N
1998,De Havilland,,DHC,Canada,N
2000,Decatur Aviation,,DAA,United States,N
2004,Deere and Company,,JDC,United States,N
2005,Delaware Skyways,,DWR,United States,N
2007,Delta Air Charter,,SNO,Canada,N
2008,Delta Air Elite,,ELJ,United States,N
2009,Delta Air Lines,DL,DAL,United States,Y
2012,Delta State University,,DSU,United States,N
2014,Denver Express,,FEC,United States,N
2015,Denver Jet,,DJT,United States,N
2025,Diamond Aviation,,SPK,United States,N
2027,Digital Equipment Corporation,,DGT,United States,N
2031,Direct Air,,DIA,United States,N
2032,Direct Air trading as Midway Connection,,XAP,United States,N
2036,Discover Air,,DCV,United States,N
2037,Discovery Airways,DH,DVA,United States,N
2038,Dispatch Services,,XDS,United States,N
2040,Dixie Airways,,DEE,United States,N
2044,Dolphin Express Airlines,,IXX,United States,N
2045,Dome Petroleum,,DPL,Canada,N
2059,Drummond Island Air,,DRE,United States,N
2066,Duncan Aviation,,PHD,United States,N
2073,Dwyer Aircraft Services,,DFS,United States,N
2074,Dynair Services,,XDY,United States,N
2075,Dynamair Aviation,,DNR,Canada,N
2078,E H Darby Aviation,,EHD,United States,N
2092,Eagle Aero,,ICR,United States,N
2101,Eagle Jet Charter,,EGJ,United States,N
2102,Eaglemed (Ballard Aviation),,EMD,United States,N
2109,East Coast Jets,,ECJ,United States,N
2110,East Hampton Aire,,EHA,United States,N
2111,East Kansas City Aviation,,EKC,United States,N
2119,Eastern Carolina Aviation,,ECI,United States,N
2122,Eastern Metro Express,,EME,United States,N
2123,Eastern Pacific Aviation,,EPB,Canada,N
2126,Eastwind Airlines,W9,SGR,United States,N
2128,Eckles Aircraft,,CMN,United States,N
2129,Eclipse Aviation,,EJT,United States,N
2139,Edgartown Air,,SLO,United States,N
2141,Edwards Jet Center of Montana,,EDJ,United States,N
2156,Elan Express,,ELX,United States,N
2173,Elliott Aviation,,ELT,United States,N
2177,Embassy Freight Company,,EFT,United States,N
2179,Embry-Riddle Aeronautical University,,XSL,United States,N
2181,Emery Worldwide Airlines,,EWW,United States,N
2185,Empire Air Service,,EMP,United States,N
2186,Empire Airlines,EM,CFS,United States,N
2203,Entergy Services,,ENS,United States,N
2205,Eos Airlines,E0,ESS,United States,N
2209,Era Helicopters,,ERH,United States,N
2212,Erie Airways,,ERE,United States,N
2216,Esso Resources Canada,,ERC,Canada,N
2261,Evergreen International Airlines,EZ,EIA,United States,Y
2262,Everts Air Alaska/Everts Air Cargo,,VTS,United States,N
2267,Execair Aviation,MB,EXA,Canada,N
2273,Executive Air Charter,,EAC,United States,N
2274,Executive Air Fleet,,XAF,United States,N
2277,Executive Airlines,OW,EXK,United States,N
2280,Executive Flight,,EXE,United States,N
2281,Executive Flight Operations Ontario Government,,TRI,Canada,N
2283,Executive Jet Management,,EJM,United States,N
2289,Express Air,,FXA,United States,N
2291,Express Line Aircompany,,XPL,United States,N
2292,Express Net Airlines,,XNA,United States,N
2293,Express One International,EO,LHN,United States,Y
2294,Express Tours,,XTO,Canada,N
2295,ExpressJet,XE,BTA,United States,Y
2298,NetJets,,EJA,United States,N
2299,F.S. Air Service,,EYE,United States,N
2301,FINFO Flight Inspection Aircraft,,FLC,United States,N
2303,FLTPLAN,,DCM,United States,N
2315,Fairways Corporation,,FWY,United States,N
2318,Falcon Air Express,,FAO,United States,N
2323,Falwell Aviation,,FAW,United States,N
2325,Farmingdale State University,,FDL,United States,N
2332,Farwest Airlines,,FRW,United States,N
2336,Fayetteville Flying Service and Scheduled Skyways System,,SKM,United States,N
2340,Federal Armored Service,,FRM,United States,N
2341,Federal Aviation Administration,,NHK,United States,N
2342,Federal Express,FX,FDX,United States,N
2347,Financial Airxpress,,FAK,United States,N
2348,Fine Airlines,,FBF,United States,N
2354,First Air,7F,FAB,Canada,Y
2359,First Flying Squadron,,GGA,United States,N
2364,Flagship Express Services,,FSX,United States,N
2365,Flair Airlines,,FLE,Canada,N
2366,Flamenco Airways,,WAF,United States,N
2367,Flamingo Air,,FMR,United States,N
2374,Flight Alaska,,TUD,United States,N
2376,Flight Centre Victoria,,FCV,Canada,N
2379,Flight Express,,FLX,United States,N
2382,Flight International,,IVJ,United States,N
2383,Flight Line,,MIT,United States,N
2384,Flight Ops International,,FOI,United States,N
2385,Flight Options,,OPT,United States,N
2389,Flight Trac,,CCK,United States,N
2392,Flight-Ops International,,KLO,Canada,N
2393,Flightcraft,,CSK,United States,N
2394,Flightexec,,FEX,Canada,N
2397,Flightstar Corporation,,FSR,United States,N
2398,Flightworks,,KDZ,United States,N
2399,Flint Aviation Services,,FAZ,United States,N
2400,Florida Air,,OJY,United States,N
2401,Florida Coastal Airlines,PA,FCL,United States,N
2402,Florida Department of Agriculture,,FFS,United States,N
2403,Florida Jet Service,,FJS,United States,N
2404,Florida West International Airways,RF,FWL,United States,Y
2435,Focus Air,,FKS,United States,N
2442,Fortunair Canada,,FXC,Canada,N
2443,Forward Air International Airlines,BN,,United States,N
2444,Foster Aviation,,FSA,United States,N
2448,Four Star Aviation / Four Star Cargo,HK,FSC,United States,N
2449,Four Winds Aviation,,WDS,United States,N
2454,Freedom Air,FP,FRE,United States,Y
2456,Freedom Airlines,,FRL,United States,Y
2459,Freight Runners Express,,FRG,United States,N
2465,Friendship Air Alaska,,FAL,United States,N
2468,Frontier Airlines,F9,FFT,United States,Y
2469,Frontier Commuter,,ITR,United States,N
2470,Frontier Flying Service,2F,FTA,United States,Y
2474,Full Express,,GAX,United States,N
2483,GAK/Mitchell Aero,,MTA,United States,N
2485,GB Airlink,,GBX,United States,N
2487,GCS Air Service,,GCS,United States,N
2495,GP Express Airlines,,GPE,United States,N
2499,GTA Air,,GTX,United States,N
2504,Gail Force Express,,GFC,United States,N
2510,Galena Air Service,,GAS,United States,N
2511,Galileo International,1G,,United States,N
2517,Gander Aviation,,GAN,Canada,N
2518,Garden State Airlines,,GSA,United States,N
2519,Garrison Aviation,,AHM,Canada,N
2525,Geesair,,GEE,Canada,N
2526,Gemini Air Cargo,GR,GCO,United States,N
2527,Gendall Air,,GAB,Canada,N
2530,General Aerospace,,SWK,Canada,N
2533,General Aviation Flying Services,,GTH,United States,N
2534,General Aviation Terminal,,XGA,Canada,N
2535,General Motors,,GMC,United States,N
2537,Geographic Air Surveys,,GSL,Canada,N
2557,Gibson Aviation,,NTC,United States,N
2558,Global Air Charter,,RPS,United States,N
2567,Global Jet Corporation,,NSM,United States,N
2569,Global Sky Aircharter,,GSK,United States,N
2571,Global System,,XGS,United States,N
2572,Global Weather Dynamics,,XGW,United States,N
2577,GoJet Airlines,G7,GJS,United States,Y
2582,Gold Belt Air Transport,,GBT,Canada,N
2586,Golden Airlines,,GDD,United States,N
2587,Golden Pacific Airlines,,GPA,United States,N
2591,Golfe Air Quebec,,GAQ,Canada,N
2601,Grand Aire Express,,GAE,United States,N
2602,Grand Airways,,GND,United States,N
2603,Grand Canyon Airlines,,CVU,United States,N
2604,Grant Aviation,GS,GUN,United States,N
2606,Great American Airways,,GRA,United States,N
2607,Great Lakes Airlines,ZK,GLA,United States,Y
2609,Great Plains Airlines,,GRP,United States,N
2611,Great Western Air,,GWA,United States,N
2635,Gulf & Caribbean Cargo / Contract Air Cargo,,TSU,United States,N
2639,Gulf Air Inc,,GAT,United States,N
2640,Gulf Central Airlines,,GCN,United States,N
2641,Gulf Flite Center,,SFY,United States,N
2643,Gulfstream Aerospace,,GLF,United States,N
2644,Gulfstream Airlines,,GFS,United States,N
2645,Gulfstream International Airlines,,GFT,United States,Y
2646,Gull Air,,GUL,United States,N
2656,Hadison Aviation,,FMS,United States,N
2657,Hageland Aviation Services,H6,HAG,United States,Y
2677,Hand D Aviation,,WVA,United States,N
2683,Harbor Airlines,HB,HAR,United States,N
2684,Harmony Airways,HQ,HMY,Canada,N
2688,Hawaiian Airlines,HA,HAL,United States,Y
2689,Hawaiian Pacific Airlines,HP,,United States,N
2692,Hawkair,BH,,Canada,Y
2693,Hawkaire,,HKI,United States,N
2731,Helijet,JB,JBA,Canada,Y
2745,Helitrans Air Service,,HTS,United States,N
2753,Heritiage Flight (Valley Air Services),,SSH,United States,N
2754,Herman's Markair Express,,MRX,United States,N
2760,High-Line Airways,,HLB,Canada,N
2763,Hogan Air,,HGA,United States,N
2769,Holiday Airlines,,HOL,United States,N
2776,Hop-A-Jet,,HPJ,United States,N
2777,Hope Air,HH,,Canada,N
2778,Horizon Air,QX,QXE,United States,Y
2779,Horizon Air Service,,KOK,United States,N
2784,Horizons Unlimited,,HUD,United States,N
2787,Houston Helicopters,,HHO,United States,N
2790,Hub Airlines,,HUB,United States,N
2791,Huessler Air Service,,HUS,United States,N
2792,Hughes Aircraft Company,,GMH,United States,N
2793,Hummingbird Helicopter Service,,WHR,United States,N
2796,Hyack Air,,HYA,Canada,N
2798,Hydro-Qu√©bec,,HYD,Canada,N
2801,IBC Airways,II,CSQ,United States,N
2806,ICC Canada,,CIC,Canada,N
2808,IFL Group,,IFL,United States,N
2813,IMP Aviation Services,,BLU,Canada,N
2814,IMP Group Aviation Services,,XGG,Canada,N
2820,ITA Software,1U,,United States,N
2841,Iliamna Air Taxi,,IAR,United States,N
2846,Imperial Airways,,PNX,United States,N
2848,Independence Air,DH,IDE,United States,N
2855,Indigo,I9,IBU,United States,Y
2863,Innotech Aviation,,IVA,Canada,N
2866,Intair,,INT,Canada,N
2876,Inter-Air,,ITA,United States,N
2877,Inter-Canadian,,ICN,Canada,N
2878,Inter-Island Air,,UGL,United States,N
2879,Inter-Mountain Airways,,IMA,United States,N
2880,Inter-State Aviation,,ITS,United States,N
2898,International Air Corporation,,EXX,United States,N
2899,International Air Service,,IAS,United States,N
2902,International Business Aircraft,,IBY,United States,N
2904,International Charter Xpress,,ICX,United States,N
2907,International Flight Training Academy,,IFX,United States,N
2908,International Jet Aviation Services,,IJA,United States,N
2909,International Jet Charter,,HSP,United States,N
2912,International Security Assistance Force,,THN,Canada,N
2914,Interport Corporation,,IPT,United States,N
2921,Iowa Airways,,IOA,United States,N
2932,Irving Oil,,XIA,Canada,N
2933,Irving Oil Transport,,KCE,Canada,N
2935,Island Air Charters,,ILF,United States,N
2936,Island Air Express,,XYZ,United States,N
2937,Island Airlines,IS,,United States,Y
2941,Island Express,2S,SDY,United States,N
2943,Island Helicopters,,MTP,United States,N
2949,Isle Grande Flying School,,IGS,United States,N
2967,J P Hunt Air Carriers,,RFX,United States,N
2974,JM Family Aviation,,TQM,United States,N
2979,Jackson Air Services,,JCK,Canada,N
2984,Janair,,JAX,United States,N
2995,Jenney Beechcraft,,JNY,United States,N
2996,Jeppesen Data Plan,,XLD,United States,N
3001,Jet Airways,QJ,,United States,Y
3002,Jet Aspen Air Lines,,JTX,United States,N
3004,Jet Aviation Business Jets,,BZF,United States,N
3006,Jet Charter,,JCT,United States,N
3009,Jet Courier Service,,DWW,United States,N
3010,Jet East International,,JED,United States,N
3013,Jet Freighters,,CFT,United States,N
3017,Jet Link Aviation,,HTL,United States,N
3029,JetBlue Airways,B6,JBU,United States,Y
3033,Jetall Holdings,,JTL,Canada,N
3036,Jetcorp,,UEJ,United States,N
3051,JetsGo,SG,JGO,Canada,N
3058,Jettrain Corporation,,JTN,United States,N
3059,Jetways of Iowa,,JWY,United States,N
3063,Jim Hankins Air Service,,HKN,United States,N
3064,Jim Ratliff Air Service,,RAS,United States,N
3067,Johnson Air,,JHN,United States,N
3069,Johnston Airways,,JMJ,United States,N
3083,Justice Prisoner and Alien Transportation System,,DOJ,United States,N
3084,K D Air Corporation,,KDC,Canada,N
3093,Kaiser Air,,KAI,United States,N
3094,Kalitta Air,K4,CKS,United States,N
3095,Kalitta Charters,,KFS,United States,N
3101,Kansas State University,,KSU,United States,N
3111,Kavouras Inc,,XKA,United States,N
3120,Kelner Airways,,FKL,Canada,N
3121,Kelowna Flightcraft Air Charter,,KFA,Canada,N
3123,Kenmore Air,M5,KEN,United States,Y
3124,Kenn Borek Air,,KBA,Canada,N
3125,Kent Aviation,,KAH,Canada,N
3128,Key Airlines,,KEY,United States,N
3129,Key Lime Air,,LYM,United States,N
3130,Keystone Aerial Surveys,,FTP,United States,N
3131,Keystone Air Services,BZ,KEE,Canada,N
3141,Kingfisher Air Services,,BEZ,United States,N
3143,Knighthawk Air Express,,KNX,Canada,N
3144,Kingston Air Services,,KAS,Canada,N
3149,Kitty Hawk Aircargo,,KHA,United States,N
3150,Kitty Hawk Airways,,KHC,United States,N
3151,Kiwi International Air Lines,KP,KIA,United States,N
3152,Knight Air,,KNA,Canada,N
3153,Knighthawk Express,,KHX,United States,N
3190,L A Helicopter,,LAH,United States,N
3191,L J Aviation,,LJY,United States,N
3194,L'Express,,LEX,United States,N
3195,L-3 Communications Flight Internation Aviation,,FNT,United States,N
3196,L.A.B. Flying Service,JF,LAB,United States,N
3214,LTV Jet Fleet Corporation,,JFC,United States,N
3216,La Ronge Aviation Services,,ASK,Canada,N
3218,Labcorp,,SKQ,United States,N
3219,Labrador Airways,,LAL,Canada,N
3221,Lake Havasu Air Service,,HCA,United States,N
3222,Lakeland Aviation,,LKL,United States,N
3223,Laker Airways,,LKR,United States,N
3224,Laker Airways (Bahamas),,LBH,United States,N
3236,Laredo Air,,LRD,United States,N
3241,Laughlin Express,,LEP,United States,N
3243,Lawrence Aviation,,LAR,United States,N
3245,Lease-a-Plane International,,LPL,United States,N
3248,Lebanon Airport Development Corporation,,LAD,United States,N
3250,Leconte Airlines,,LCA,United States,N
3252,Legend Airlines,,LGD,United States,N
3253,Leisure Air,,LWD,United States,N
3254,Lentini Aviation,,LEN,United States,N
3265,Lincoln Air National Guard,,GDQ,United States,N
3267,Lindsay Aviation,,LSY,United States,N
3293,Little Red Air Service,,LRA,Canada,N
3297,Lockheed Air Terminal,,XLG,United States,N
3298,Lockeed Aircraft Corporation,,LAC,United States,N
3299,Lockheed DUATS,,XDD,United States,N
3300,Lockheed Martin Aeronautics,,CBD,United States,N
3301,Lockheed Martin Aeronautics Company,,LNG,United States,N
3309,Lone Star Airlines,,LSS,United States,N
3310,Long Island Airlines,,ORA,United States,N
3337,Lynch Flying Service,,LCH,United States,N
3338,Lynden Air Cargo,L2,LYC,United States,N
3339,Lynx Air International,,LXF,United States,N
3344,M & N Aviation,,JNH,United States,N
3355,MIT Airlines,,MNC,Canada,N
3361,Mac Dan Aviation Corporation,,MCN,United States,N
3369,Mahalo Air,,MLH,United States,N
3372,Maine Aviation,,MAT,United States,N
3373,Majestic Airlines,,MAJ,United States,N
3383,Mall Airways,,MLS,United States,N
3395,Manitoulin Air Services,,MTO,Canada,N
3397,Mannion Air Charter,,MAN,United States,N
3400,Maple Air Services,,MAD,Canada,N
3404,Markair,,MRK,United States,N
3409,Martin Aviation Services,,XMA,United States,N
3412,Martinaire,,MRA,United States,N
3415,Maryland State Police,,TRP,United States,N
3416,Massachusetts Institute of Technology,,MTH,United States,N
3419,Master Planner,,MPL,United States,N
3427,Maverick Airways,,MVR,United States,N
3431,Max-Aviation,,MAX,Canada,N
3434,Maxjet Airways,MY,MXJ,United States,N
3436,May Air Xpress,,MXP,United States,N
3441,McCall Aviation,,MKL,United States,N
3442,McDonnell Douglas,,DAC,United States,N
3443,McNeely Charter Services,,MDS,United States,N
3444,Med-Trans of Florida,,MEK,United States,N
3450,Medjet International,,MEJ,United States,N
3457,Mercury Aircourier Service,,MEC,United States,N
3459,Meridian Air Cargo,,MRD,United States,N
3464,Merlin Airways,,MEI,United States,N
3466,Mesa Airlines,YV,ASH,United States,Y
3467,Mesaba Airlines,XJ,MES,United States,Y
3470,Methow Aviation,,MER,United States,N
3472,Metro Express,,MEX,United States,N
3473,Metroflight,,MTR,United States,N
3481,Miami Air Charter,,HUR,United States,N
3482,Miami Air International,GL,BSK,United States,N
3483,Miami Valley Aviation,,OWL,United States,N
3488,Mid-Pacific Airlines,,MPA,United States,N
3489,Midamerica Jet,,MJR,United States,N
3492,Midline Air Freight,,MFR,United States,N
3493,Midstate Airlines,,MIS,United States,N
3494,Midway Airlines,JI,MDW,United States,Y
3495,Midway Express,,FLA,United States,N
3496,Midwest Air Freighters,,FAX,United States,N
3497,Midwest Airlines,YX,MEP,United States,Y
3499,Midwest Aviation,,NIT,United States,N
3500,Midwest Aviation Division,,MWT,United States,N
3502,Millardair,,MAB,Canada,N
3505,Miller Flying Services,,MFS,United States,N
3506,Million Air,,OXO,United States,N
3510,Minebea Technologies,,EBE,United States,N
3513,Ministic Air,,MNS,Canada,N
3516,Miramichi Air Service,,MIR,Canada,N
3522,Mississippi State University,,BDG,United States,N
3523,Mississippi Valley Airways,,MVA,United States,N
3525,Mobil Oil,,MBO,Canada,N
3533,Monarch Airlines,,MNH,United States,N
3535,Moncton Flying Club,,MFC,Canada,N
3541,Mooney Aircraft Corporation,,MNY,United States,N
3542,Morningstar Air Express,,MAL,Canada,Y
3543,Morris Air Service,,MSS,United States,N
3544,Morrison Flying Service,,MRO,United States,N
3549,Mountain Air Cargo,,MTN,United States,N
3551,Mountain Air Express,,PKP,United States,N
3552,Mountain Air Service,,BRR,United States,N
3553,Mountain Bird,,MBI,United States,N
3554,Mountain High Aviation,,MHA,United States,N
3555,Mountain Pacific Air,,MPC,Canada,N
3556,Mountain Valley Air Service,,MTV,United States,N
3557,Mowhawk Airlines,,MOW,United States,N
3561,Multi-Aero,,WBR,United States,N
3564,Murray Air,,MUA,United States,N
3579,Nahanni Air Services Ltd,,NAH,Canada,N
3584,Nantucket Airlines,DV,ACK,United States,N
3586,Napier Air Service Inc,,NAP,United States,N
3590,Nashville Jet Charters,,NJC,United States,N
3592,Natioanl Air Traffic Controllers Association,,NTK,United States,N
3595,National Airlines,,NAN,United States,N
3597,National Airlines,N7,ROK,United States,N
3598,National Airlines,NA,NAL,United States,N
3603,National Aviation Consultants,,TNC,Canada,N
3604,National Express,,NXT,United States,N
3607,National Jet Service,,AND,United States,N
3609,National Oceanic and Atmospheric Administration,,NAA,United States,N
3612,Nations Air Express Inc,,NAE,United States,N
3619,NAV CANADA,,NVC,Canada,N
3626,Navinc Airlines Services,,XNV,United States,N
3627,Navitaire,1N,,United States,N
3628,Navtech System Support,,XNS,Canada,N
3630,State of Nebraska,,NEB,United States,N
3634,Neiltown Air,,NLA,Canada,N
3641,NetJets,1I,EJA,United States,Y
3643,New England Air Express,,NEZ,United States,N
3644,New England Airlines,EJ,NEA,United States,Y
3646,New World Jet Corporation,,NWD,United States,N
3647,New York Helicopter,,NYH,United States,N
3648,New York State Police,,GRY,United States,N
3650,Newair,,HVA,United States,N
3651,Newfoundland Labrador Air Transport,,NLT,Canada,N
3653,Nextflight Aviation,,NXF,United States,N
3675,Nolinor Aviation,,NRL,Canada,N
3685,Norontair,,NOA,Canada,N
3693,North American Airlines,,NTM,Canada,Y
3694,North American Charters,,HMR,Canada,Y
3695,North American Jet Charter Group,,NAJ,United States,N
3696,North Atlantic Air Inc,,NAT,United States,N
3699,North Caribou Flying Service Ltd,,NCB,Canada,N
3700,North Coast Air Services Ltd,,NCC,Canada,N
3704,North Star Air Cargo,,SBX,United States,N
3705,North Vancouver Airlines,,NRV,Canada,N
3707,North West Geomatics,,PTO,Canada,N
3710,North-Wright Airways,HW,NWL,Canada,N
3712,Northaire Feight Lines,,NFL,United States,N
3714,Northcoast Executive Airlines,,NCE,United States,N
3715,Northeast Airlines,,NEE,United States,N
3716,Northeast Aviation,,NPX,United States,N
3717,Northern Air Cargo,NC,NAC,United States,N
3719,Northern Airways,,NDA,United States,N
3721,Northern Dene Airways,U7,,Canada,Y
3723,Northern Illinois Commuter,,NIC,United States,N
3724,Northern Jet Management,,NTX,United States,N
3725,Northern Thunderbird Air,,NTA,Canada,N
3726,Northland Aviation,,KOE,United States,N
3727,Northstar Aviation,,NSS,United States,N
3729,Northway Aviation Ltd,,NAL,Canada,N
3730,Northwest Aero Associates,,NWE,United States,N
3731,Northwest Airlines,NW,NWA,United States,Y
3733,Northwest Territorial Airways,,NWT,Canada,N
3734,Northwestern Air,J3,PLR,Canada,Y
3735,Northwinds Northern,,NWN,Canada,N
3736,Nortland Air Manitoba,,NAM,Canada,N
3739,Notams International,,XNT,United States,N
3742,Nova Scotia Department of Lands and Forests,,PTR,Canada,N
3751,Nunasi-Central Airlines,,NUN,Canada,N
3758,OSACOM,,JPA,United States,N
3763,Ocean Wings Commuter Service,,TUK,United States,N
3767,Odyssey International,,ODY,Canada,N
3773,Oklahoma Department of Public Safety,,OKL,United States,N
3781,Omni Air International,OY,OAE,United States,Y
3784,On Air Limited,,ORL,Canada,N
3787,Ontario Ministry of Health,,MED,Canada,N
3796,Operation Enduring Freedom,,LLO,Canada,N
3830,Ozark Air Lines,OZ,OZR,United States,N
3833,PAC Air,,PCR,United States,N
3836,PDQ Air Charter,,PDQ,United States,N
3837,PHH Aviation System,,XAS,United States,N
3842,PSA Airlines,,JIA,United States,N
3844,Paccair,,WIS,United States,N
3845,Pace Airlines,Y5,PCE,United States,N
3846,Pacific Air Boats,,PAB,Canada,N
3847,Pacific Air Charter,,PRC,United States,N
3848,Pacific Air Express,,PCF,United States,N
3849,Pacific Air Transport,,PXP,United States,N
3851,Pacific Alaska Airlines,,PAK,United States,N
3853,Pacific Aviation (United States),,PCX,United States,N
3855,Pacific Coast Airlines,,PQA,United States,N
3856,Pacific Coastal Airline,8P,PCO,Canada,Y
3859,Pacific International Airlines,,PIN,United States,N
3860,Pacific Island Aviation,,PSA,United States,Y
3861,Pacific Jet,,PCJ,United States,N
3864,Pacific Southwest Airlines,PS,PSX,United States,N
3865,Pacific Wings,LW,NMI,United States,Y
3867,Pacificair Airlines,,PFR,United States,N
3868,Package Express,,RCY,United States,N
3870,Pak West Airlines,,PKW,United States,N
3881,Pan Air,,PAX,United States,N
3882,Pan Am Weather Systems,,XPA,United States,N
3885,Pan American Airways,PA,PAA,United States,N
3886,Pan American World Airways,PA,PAA,United States,N
3892,Panagra Airways,,PGI,United States,N
3898,Panorama Air Tour,,PAH,United States,N
3899,Panorama Flight Service,,AFD,United States,N
3902,Paradise Airways,,PAI,United States,N
3903,Paradise Island Airways,,PDI,United States,N
3904,Paragon Air Express,,PGX,United States,N
3908,Parcel Express,,APE,United States,N
3912,Parsons Airways Northern,,FAP,Canada,N
3913,Pascan Aviation,,PSC,Canada,N
3917,Patterson Aviation Company,,ETL,United States,N
3931,Pelican Express,,PEX,United States,N
3933,Pem-Air,,PEM,Canada,N
3935,Peninsula Airways,KS,PEN,United States,Y
3940,Perimeter Aviation,,PAG,Canada,N
3946,Petroleum Helicopters,,PHM,United States,N
3949,Petty Transport,,PTY,United States,N
3954,Phillips Air,,BCH,United States,N
3955,Phillips Alaska,,PDD,United States,N
3956,Phillips Michigan City Flying Service,,PHL,United States,N
3959,Phoenix Air Group,,PHA,United States,N
3962,Phoenix Air Transport,,PPG,United States,N
3963,Phoenix Airline Services,,WDY,United States,N
3967,Phoenix Flight Operations,,XPX,United States,N
3969,Piedmont Airlines (1948-1989),PI,PDT,United States,Y
3972,Pimichikamac Air,,MKS,Canada,N
3975,Pinnacle Air Group,,PCL,United States,N
3976,Pinnacle Airlines,9E,FLG,United States,Y
3977,Pioneer Airlines,,PIO,United States,N
3981,Planemaster Services,,PMS,United States,N
3982,Planet Airways,,PLZ,United States,N
3983,Players Air,,PYZ,United States,N
3986,Pocono Air Lines,,POC,United States,N
3991,Points of Call Airlines,,PTS,Canada,N
3992,Polar Air Cargo,PO,PAC,United States,N
4012,Polynesian Air-Ways,,PLA,United States,N
4016,Pond Air Express,,PND,United States,N
4019,Port Townsend Airways,,PTQ,United States,N
4021,Porter Airlines,PD,POE,Canada,Y
4026,Potomac Air,BK,PDC,United States,Y
4028,Powell Air,,PWL,Canada,N
4029,Prairie Flying Service,,PFS,United States,N
4030,Pratt and Whitney Canada,,PWC,Canada,N
4032,Precision Airlines,,PRE,United States,N
4041,Presidential Aviation,,PRD,United States,N
4042,Priester Aviation,,PWA,United States,N
4044,Primaris Airlines,FE,WCP,United States,N
4045,Primas Courier,,PMC,United States,N
4047,Prime Air,,PRM,United States,N
4049,Prince Edward Air,,CME,Canada,N
4052,Princeton Aviation Corporation,,PCN,United States,N
4053,Priority Air Charter,,PRY,United States,N
4054,Priority Air Transport,,PAT,United States,N
4055,Priority Aviation Company,,BCK,United States,N
4057,Private Jet Expeditions,,PJE,United States,N
4058,Private Jet Management,,PJA,United States,N
4061,Pro Air,,PRH,United States,N
4062,Pro Air Service,,PSZ,United States,N
4064,Professional Express Courier Service,,PAD,United States,N
4068,Propair,,PRO,Canada,N
4070,Propheter Aviation,,PPA,United States,N
4072,Providence Airline,,PTL,United States,N
4074,Provincial Airlines,,SPR,Canada,N
4075,Provincial Express,,PRV,Canada,N
4078,Ptarmigan Airways,,PTA,Canada,N
4081,Puerto Rico National Guard,,PNG,United States,N
4094,Quantex Environmental,,QTX,Canada,N
4095,Quebec Government Air Service,,QUE,Canada,N
4097,Quest Diagnostics,,LBQ,United States,N
4102,Qwest Commuter Corporation,,QCC,United States,N
4133,Rader Aviation,,GBR,United States,N
4134,Radixx Solutions International,1D,,United States,N
4136,Raleigh Flying Service,,RFA,United States,N
4137,Ram Air Freight,,REX,United States,N
4138,Ram Aircraft Corporation,,RMT,United States,N
4139,Ramp 66,,PPK,United States,N
4145,Raven Air,,RVN,United States,N
4148,Raytheon Aircraft Company,,RTN,United States,N
4150,Raytheon Travel Air,,KSS,United States,N
4157,Red Baron Aviation,,RBN,United States,N
4166,Reeve Aleutian Airways,,RVV,United States,N
4168,Regency Airlines,,RGY,United States,N
4169,Regent Air,,RAH,Canada,N
4171,Region Air,,RGR,Canada,N
4172,Regional 1,,TSH,Canada,N
4180,RegionsAir,3C,CEA,United States,N
4181,Reliance Aviation,,REL,United States,N
4182,Reliant Airlines,,RLT,United States,N
4185,Reno Air,QQ,ROA,United States,N
4186,Renown Aviation,,RGS,United States,N
4187,Republic Airlines,RW,RPA,United States,Y
4190,Resort Air,,RST,United States,N
4191,Rhoades Aviation,,RDS,United States,N
4193,Rich International Airways,,RIA,United States,N
4194,Richards Aviation,,RVC,United States,N
4195,Richardson's Airway,,RIC,United States,N
4196,Richland Aviation,,RCA,United States,N
4203,Rimrock Airlines,,RIM,United States,N
4205,Rio Airways,,REO,United States,N
4206,Rio Grande Air,E2,GRN,United States,N
4211,Roadair Lines,,RDL,Canada,N
4213,Roblex Aviation,,ROX,United States,N
4214,Rockwell Collins Avionics,,RKW,United States,N
4215,Rocky Mountain Airlines,,ROC,Canada,N
4216,Rocky Mountain Airways,,RMA,United States,N
4217,Rocky Mountain Holdings,,LIF,United States,N
4219,Rog-Air,,FAD,Canada,N
4228,Ross Aviation,,NRG,United States,N
4233,Roswell Airlines,,RAL,United States,N
4238,Rover Airways International,,ROV,United States,N
4247,Royal Air Freight,,RAX,United States,N
4250,Royal American Airways,,RLM,United States,N
4253,Royal Aviation Express,,RXP,Canada,N
4276,Royal West Airlines,,RWE,United States,N
4293,Ryan Air Service,,RCT,United States,N
4294,Ryan Air Services,,RYA,United States,Y
4295,Ryan International Airlines,RD,RYN,United States,Y
4298,Rynes Aviation,,RAA,United States,N
4312,Golden Eagle Air Services (FAA),,SAJ,Canada,N
4318,Springbank Aviation,,SAQ,Canada,N
4326,Steinman Aviation,,SBB,United States,N
4327,Seven Bar Flying Service,,SBF,United States,N
4328,Sabre Incorporated,,SBG,United States,N
4333,Smithkline Beacham Clinical Labs,,SBQ,United States,N
4334,Saber Aviation,,SBR,United States,N
4335,Seaborne Airlines,BB,SBS,United States,Y
4340,South Central Air,,SCA,United States,N
4341,Seacoast Airlines,,SCC,United States,N
4342,Scenic Airlines,,SCE,United States,Y
4346,Switfair Cargo,,SCL,Canada,N
4350,Sunbird Airlines,,CDL,United States,N
4356,Sun Country Airlines,SY,SCX,United States,Y
4357,St. Andrews Airways,,SDA,Canada,N
4359,Sunrise Airlines,,SDC,United States,N
4360,Skymaster Air Taxi,,SDD,United States,N
4361,Sundorph Aeronautical Corporation,,SDF,United States,N
4370,Southeast Air,,SEA,United States,Y
4372,Sedona Air Center,,SED,United States,N
4377,Sentel Corporation,,SEL,United States,N
4384,Shuswap Flight Centre,,SFC,Canada,N
4386,Safewings Aviation Company,,SFF,United States,N
4393,Southern Frontier Air Transport,,SFS,Canada,N
4394,Skyfreight,,SFT,United States,N
4396,S.K. Logistics,,SFX,United States,N
4397,Sky King,,SGB,United States,N
4403,Skyward Aviation,,SGK,Canada,N
4407,Saskatchewan Government Executive Air Service,,SGS,Canada,N
4411,Skagway Air Service,N5,SGY,United States,Y
4413,Sky Harbor Air Service,,SHC,United States,N
4426,Shooter Air Courier,,SHR,Canada,N
4431,Shavano Air,,SHV,United States,N
4432,Shawnee Airline,,SHW,United States,N
4437,Sierra Express,,SIE,United States,N
4443,Salair,,SIR,United States,N
4451,Spirit Aviation,,SJJ,United States,N
4459,Southeast Airmotive,,SPU,United States,N
4467,Sair Aviation,,SRA,Canada,N
4477,Selkirk Remote Sensing,,SRS,Canada,N
4480,Sierra Expressway Airlines,,SRX,United States,N
4482,Sasair,,SSB,Canada,N
4483,Southern Seaplane,,SSC,United States,N
4489,Skystar International,,SSK,United States,N
4494,Sunwest Airlines,,SST,Canada,N
4496,Skyservice Airlines,5G,SSV,Canada,Y
4508,Sontair,,STI,Canada,N
4520,Suburban Air Freight,,SUB,United States,N
4531,Star West Aviation,,SUU,United States,N
4546,Security Aviation,,SVX,United States,N
4547,Southwest Airlines,WN,SWA,United States,Y
4549,South West Air,,SWC,Canada,N
4552,Spurling Aviation,,ASL,United States,N
4553,Sunwing Airlines,WG,SWG,Canada,N
4554,Sunworld Airlines,,SWI,United States,N
4555,Stateswest Airlines,,SWJ,United States,N
4558,Swift Air (Interstate Equipment Leasing),,SWQ,United States,N
4561,Sunwest Aviation (Lindquist Investment),,SWS,United States,N
4569,Southern Cross Aviation,,SXA,United States,N
4571,Southeast Express Airlines,,SXE,United States,N
4575,Satellite Aero,,SXX,United States,N
4578,Systec 2000,,SYC,United States,N
4580,Sky One Express Airlines,,SYF,United States,N
4582,Sonalysts,,SYI,United States,N
4583,Slate Falls Airways,,SYJ,Canada,N
4584,Satsair,,SYK,United States,N
4585,Syncrude Canada,,SYN,Canada,N
4588,Special Aviation Systems,,SYV,United States,N
4589,Skywalk Airlines,AL,SYX,United States,Y
4595,Sundance Air,,BNC,United States,N
4605,Sunwest Home Aviation,,CNK,Canada,N
4613,Sioux Falls Aviation,,DKT,United States,N
4626,Sky Bus,,FLH,United States,N
4629,S.P. Aviation,,GDG,United States,N
4637,Superior Aviation,SO,HKA,United States,N
4638,Samaritan Air Service,,HLO,Canada,N
4644,Silvair,,IJS,United States,N
4650,Secure Air Charter,,JCM,United States,N
4662,Sky Limo Corporation,,LMO,United States,N
4670,San Juan Airlines,2G,MRR,United States,N
4675,Sabre,1S,,United States,N
4676,Sierra Nevada Airlines,1I,,United States,N
4681,Sutra,1K,,United States,N
4686,Simpson Air Ltd,,NCS,Canada,N
4687,Spirit Airlines,NK,NKS,United States,Y
4704,South Carolina Aeronautics Commission,,PLT,United States,N
4709,Southeastern Airways,,PTM,United States,N
4711,Sky Trek International Airlines,1I,PZR,United States,N
4720,Skybus Airlines,SX,SKB,United States,N
4721,Skymaster Air Lines,,SKC,United States,N
4722,Sky Harbor Air Service,,SKD,United States,N
4723,Sky Tours,,SKE,United States,N
4725,Skycraft,,SKF,United States,N
4726,Skycraft Air Transport,,SKG,Canada,N
4729,Skylink Aviation,,SKK,Canada,N
4730,Skycharter (Malton),,SKL,Canada,N
4731,Skyline Aviation Services,,SKN,United States,N
4738,SkyWest,OO,SKW,United States,Y
4741,Skyway Enterprises,,SKZ,United States,N
4747,Saskatchewan Government,,SLG,Canada,N
4748,Silverhawk Aviation,,SLH,United States,N
4764,Servant Air,8D,,United States,N
4767,Smithair,,SMH,United States,N
4769,Smith Air (1976),,SML,Canada,N
4770,Summit Airlines,,SMM,United States,N
4782,Southeast Airlines (Sun Jet International),,SNK,United States,N
4783,Soonair Lines,,SNL,United States,N
4785,Sun Pacific International,,SNP,United States,N
4786,Sun Quest Executive Air Charter,,SNQ,United States,N
4788,Suncoast Aviation,,SNT,United States,N
4791,Sun West Airlines,,SNW,United States,N
4792,Sun Air Aviation Services,,SNX,Canada,N
4795,Southern Ohio Aviation Sales,,SOH,United States,N
4799,Sunshine Air Tours,,SON,United States,N
4800,Southern Air,,SOO,United States,N
4803,Southeast Correct Craft,,SOT,United States,N
4804,Southern Airways,,SOU,United States,Y
4806,Sowind Air,,SOW,Canada,N
4809,Sierra Pacific Airlines,,SPA,United States,N
4811,Skyworld Airlines,,SPC,United States,N
4812,Sprague Electric Company,,SPE,United States,N
4814,Springdale Air Service,,SPG,United States,N
4816,South Pacific Island Airways,,SPI,United States,Y
4819,Sapphire Aviation,,SPP,United States,N
4822,Shuttle America,S5,TCF,United States,Y
4841,Sunset Aviation,,VXN,United States,N
4842,Sport Air Travel,,WCC,United States,N
4847,Southport Air Service,,XPG,United States,N
4848,Spectrum Air Service,,XSA,United States,N
4849,Stephenville Aviation Services,,XSN,Canada,N
4851,Sector Airlines,,XTR,Canada,N
4852,Skyplan Services,,XXS,Canada,N
4853,Stewart Aviation Services,,YBE,United States,N
4864,Trans International Express Aviation,,BAP,United States,N
4865,TAG Aviation USA,,TAG,United States,N
4876,Thunderbird Tours,,TBD,Canada,N
4879,TAB Express International,,TBI,United States,N
4888,Trans-Colorado Airlines,,TCE,United States,N
4891,Teledyne Continental Motors,,TCM,United States,N
4892,Trans Continental Airlines,,TCN,United States,N
4898,Twin Cities Air Service,,TCY,United States,N
4900,Tellavia / Flight One,,TDE,United States,N
4906,Tradewinds Airlines,,TDX,United States,N
4910,Tempelhof Airways,,TEH,United States,N
4911,Telford Aviation,,TEL,United States,N
4913,Tennessee Airways,,TEN,United States,N
4914,Territorial Airlines,,TER,United States,N
4918,Trans-Florida Airlines,,TFA,United States,N
4920,Talon Air,,TFF,United States,N
4923,Transport Facilitators,,TFI,United States,N
4935,Transport Canada,,TGO,Canada,N
4941,Tar Heel Aviation,,THC,United States,N
4950,Thunder Airlines,,THU,Canada,N
4953,Trans International Airlines,,TIA,United States,N
4973,Eagle Canyon Airlines,,TLO,United States,N
4976,TLC Air,,TLS,United States,N
4979,Telesis Transair,,TLX,United States,N
4986,Tomahawk Airways,,TMK,United States,N
4988,TMC Airlines,,TMM,United States,N
4990,Timberline Air,,TMR,Canada,N
4991,Temsco Helicopters,,TMS,United States,N
4992,Trans Midwest Airlines,,TMT,United States,N
4999,Tennessee Air National Guard 164th Airlift Group,,TNG,United States,N
5000,Transair International Linhas Aereas,,TNI,United States,N
5004,Tanana Air Services,,TNR,United States,N
5005,Trans North Turbo Air,,TNT,Canada,N
5006,Transnorthern,,TNV,United States,N
5009,Twin Town Leasing Company,,TNY,United States,N
5012,Tol-Air Services,TI,TOL,United States,N
5015,Toronto Airways,,TOR,Canada,N
5017,Totavia,,TOT,Canada,N
5018,Tower Air,FF,TOW,United States,N
5019,Toyota Canada,,TOY,Canada,N
5034,Trans-Provincial Airlines,,TPY,Canada,N
5036,Taquan Air Services,,TQN,United States,N
5040,Trans Air Charter,,TRC,United States,N
5047,Tropic Airlines-Air Molokai,,TRO,United States,N
5052,Transwestern Airlines of Utah,,TRW,United States,N
5053,Tristar Airlines,,TRY,United States,N
5054,TransMeridian Airlines,T9,TRZ,United States,N
5064,Transwest Air,9T,ABS,Canada,Y
5070,Tri-State Aero,,TSS,United States,N
5091,Trans America Airlines,,TVA,United States,N
5098,Trans World Airlines,TW,TWA,United States,N
5101,Tradewinds Aviation,,TWL,Canada,N
5105,Texair Charter,,TXA,United States,N
5110,Texas National Airlines,,TXN,United States,N
5113,Texas Airlines,,TXS,United States,N
5114,Texas Air Charters,,TXT,United States,N
5115,Tex Star Air Freight,,TXZ,United States,N
5125,Top Flight Air Service,,CHE,United States,N
5126,Trans America,,CLR,United States,N
5129,Texas Airways,,CWT,United States,N
5132,Triton Airlines,,DRC,Canada,N
5141,Trans-Air-Link,,GJB,United States,N
5142,Tradewind Aviation,,GPD,United States,N
5143,Trail Lake Flying Service,,HBA,United States,N
5152,Tal Air Charters,,JEL,Canada,N
5157,The Lancair Company,,LCC,United States,N
5158,The Army Aviation Heritage Foundation,,LEG,United States,N
5160,Trans States Airlines,AX,LOF,United States,Y
5161,Trans Atlantis,,LTA,Canada,N
5166,Trans Air,,MUI,United States,N
5172,Open Skies Consultative Commission,1L,OSY,United States,N
5176,Trans World Express,,RBD,United States,N
5178,Tas Aviation,,RMS,United States,N
5202,USAF Air Mobility Operations Control Center,,DOD,United States,N
5203,U.S. Department of the Interior,,DOI,United States,N
5206,US Army Parachute Team,,GKA,United States,N
5207,USA3000 Airlines,U5,GWY,United States,Y
5209,United Airlines,UA,UAL,United States,Y
5211,United Carriers Systems,,UCS,United States,N
5213,United Feeder Service,U2,,United States,N
5219,United States Coast Guard Auxiliary,,CGX,United States,N
5220,United States Department Of Agriculture,,AGR,United States,N
5227,USA Jet Airlines,U7,JUS,United States,N
5229,US Marshals Service,,MSH,United States,N
5230,University of North Dakota,,NDU,United States,N
5231,Universal Airlines,,PNA,United States,N
5239,US Airports Air Charter,,UCH,United States,N
5242,UFS,,UFS,United States,N
5248,Universal Jet Aviation,,UJT,United States,N
5255,Ultrair,,ULT,United States,N
5258,Union Flights,,UNF,United States,N
5263,United Parcel Service,5X,UPS,United States,N
5265,US Airways,US,USA,United States,Y
5266,US Check Airlines,,USC,United States,N
5267,USAfrica Airways,,USF,United States,N
5268,US Helicopter,,USH,United States,Y
5269,US Jet,,USJ,United States,N
5270,US Express,,USX,United States,N
5276,Universal Airways,,UVA,United States,N
5279,United States Air Force,,AIO,United States,Y
5283,Universal Airlines,,WEC,United States,N
5284,US Helicopter Corporation,UH,,United States,Y
5292,Vacationair,,VAC,Canada,N
5300,Vanguard Airlines,,VGD,United States,N
5307,Voyageur Airways,VC,VAL,Canada,N
5313,VIA Rail Canada,2R,,Canada,N
5315,Viscount Air Service,,VCT,United States,N
5318,VIP Air Charter,,FXF,United States,N
5324,Volare Air Charter Company,,VCM,United States,N
5331,Virgin America,VX,VRD,United States,Y
5332,Vieques Air Link,,VES,United States,N
5349,Vistajet,,VJT,Canada,N
5356,Vero Monmouth Airlines,,VMA,United States,N
5371,Vision Airways Corporation,,VSN,Canada,N
5374,Virign Islands Seaplane Shuttle,,VSS,United States,N
5384,Viking Express,,WCY,United States,N
5388,WRA Inc,,WRR,United States,N
5389,WSI Corporation,,XWS,United States,N
5390,Walmart Aviation,,CGG,United States,N
5391,Walsten Air Services,,WAS,Canada,N
5393,Wapiti Aviation,,WPT,Canada,N
5394,Warbelow's Air Ventures,,WAV,United States,N
5396,Wasaya Airways,,WSG,Canada,N
5400,Welch Aviation,,TDB,United States,N
5411,West Coast Air,8O,,Canada,Y
5415,West Wind Aviation,,WEW,Canada,N
5416,WestJet,WS,WJA,Canada,Y
5419,Westair Industries,,PCM,United States,N
5420,Westcoast Energy,,BLK,Canada,N
5422,Western Air Couriers,,NPC,United States,N
5423,Western Air Express,,WAE,United States,N
5424,Western Airlines,WA,WAL,United States,Y
5425,Western Arctic Air,,WAL,Canada,N
5426,Western Aviators,,WTV,United States,N
5427,Western Express Air Lines,,WES,Canada,N
5428,Western Pacific Airlines,,KMR,United States,N
5431,Westgates Airlines,,WSA,United States,N
5433,Westpoint Air,,WTP,Canada,N
5434,Westward Airways,CN,WWD,United States,N
5437,White River Air Services,,WRA,Canada,N
5440,Wiggins Airways,,WIG,United States,N
5442,Wilbur's Flight Operations,,WFO,United States,N
5443,Williams Air,,WLS,United States,N
5446,Winair,,WNA,United States,N
5448,Wind Spirit Air,,WSI,United States,N
5453,Wings Airways,,WAW,United States,N
5455,Wings Express,,WEX,United States,N
5456,Wings of Alaska,K5,WAK,United States,N
5459,Wisconsin Air National Guard,,WAG,United States,N
5460,Wisman Aviation,,WSM,United States,N
5465,World Airways,WO,WOA,United States,Y
5466,World Weatherwatch,,XWW,Canada,N
5468,Worldspan,1P,,United States,N
5469,Worldwide Air Charter Systems,,CSW,Canada,N
5471,Worldwide Jet Charter,,WWI,United States,N
5472,Wright Air Lines,,WRT,United States,N
5473,Wright Air Service,8V,WRF,United States,N
5476,Wyoming Airlines,,WYG,United States,N
5483,Xerox Corporation,,XER,United States,N
5487,Xtra Airways,XP,CXP,United States,N
5498,Young Flying Service,,YFS,United States,N
5511,Zantop International Airlines,,ZAN,United States,N
5515,Zephyr Express,,RZR,United States,N
5521,Zip,3J,WZP,Canada,N
5523,Zoom Airlines,Z4,OOM,Canada,Y
8809,Island Air (WP),WP,MKU,United States,Y
9828,Ciel Canadien,YC,YCC,Canada,Y
9829,Canadian National Airways,CN,YCP,Canada,Y
9833,Epic Holiday,FA,4AA,United States,Y
9840,JetWind,,JWW,United States,N
10118,Blue Sky America,BU,BKY,United States,N
10119,Texas Spirit,XS,TXP,United States,N
10121,Illinois Airways,IL,ILW,United States,N
10123,Texas Wings,TQ,TXW,United States,Y
10124,California Western,KT,CWS,United States,N
10226,Atifly,A1,A1F,United States,Y
10673,CanXpress,C1,CA1,Canada,Y
10683,CanXplorer,C2,CAP,Canada,Y
10735,World Experience Airline,W1,WE1,Canada,Y
10748,Locair,ZQ,LOC,United States,Y
10765,SeaPort Airlines,K5,SQH,United States,Y
10796,Fly Illi,IL,ILY,United States,N
10945,Enerjet,,ENJ,Canada,Y
11922,Worldways,WG,WGC,Canada,N
13391,U.S. Air,-+,--+,United States,Y
13633,PanAm World Airways,WQ,PQW,United States,Y
15887,CBM America,,XBM,United States,Y
15975,Black Stallion Airways,BZ,BSA,United States,Y
16264,Trans Pas Air,T6,TP6,United States,Y
16459,Sky Regional,RS,SKV,Canada,Y
16702,Usa Sky Cargo,E1,ES2,United States,Y
16726,Era Alaska,7H,ERR,United States,Y
16735,Hankook Air US,H1,HA1,United States,Y
16753,Canadian World,10,CNN,Canada,N
16932,Orbit Airlines,,OBT,United States,Y
17563,XOJET,,XOJ,United States,Y
17628,Orbit International Airlines,,OAI,United States,Y
17629,Orbit Regional Airlines,,OAR,United States,Y
17630,Orbit Atlantic Airways,,OAN,United States,Y
17841,Aws express,B0,666,United States,Y
17859,Southjet,76,SJS,United States,Y
17860,Southjet connect,77,ZCS,United States,Y
17862,Southjet cargo,78,XAN,United States,Y
18178,Vision Airlines (V2),V2,RBY,United States,Y
18239,Yellowtail,YE,YEL,United States,Y
18241,Royal Airways,KG,RAW,United States,Y
18257,Executive AirShare,,XSR,United States,Y
18529,T.J. Air,TJ,TJA,United States,Y
18545,ValueJet,J7,VJA,United States,N
18930,Maryland Air,M1,M1F,United States,Y
19016,Apache Air,ZM,IWA,United States,Y
19204,Eastern Atlantic Charters,,EDI,United States,N
19262,ViznAir,,VZA,United States,N
19287,National Air Cargo,N8,NCR,United States,Y
19290,Eastern Atlantic Virtual Airlines,13,EAV,United States,Y
19337,Transair,,TTZ,Canada,Y
19350,Comfort Express Virtual Charters Albany,,EVC,United States,Y
19351,Comfort Express Virtual Charters,,CEO,United States,Y
19423,Key Air,,KWY,United States,N
19433,XAIR USA,XA,XAU,United States,Y
19465,Global Freightways,F5,GF5,United States,N
19538,Vintage Props and Jets,,VPP,United States,N
19619,Envoy Air,,ENY,United States,Y
19674,Rainbow Air (RAI),RN,RAB,United States,Y
19675,Rainbow Air Canada,RY,RAY,Canada,Y
19676,Rainbow Air Polynesia,RX,RPO,United States,Y
19678,Rainbow Air US,RM,RNY,United States,Y
19774,Spike Airlines,S0,SAL,United States,Y
19804,All America,A2,AL2,United States,Y
19890,Dense Airways,KP,DWA,United States,Y
19891,Dense Connection,KZ,DC2,United States,Y
19917,Jet Suite,,RSP,United States,Y
20060,San Dima Air,,SDI,United States,Y
20285,WestJet Encore,WR,WEN,Canada,Y
20293,Sky Regional Airlines,,SKV,Canada,Y
20565,Boutique Air (Priv),4B,BTQ,United States,Y
20607,Liberty Airways,LE,LTY,United States,Y
20808,Alghanim,,KYA,United States,Y
20931,Southern Airways Express,,LTD,United States,Y
20976,World Scale Airlines,W3,WSS,United States,Y
20978,All America US,AG,SSA,United States,Y
20991,Choice Airways,,CSX,United States,Y
20996,Dynamic Airways,,DYA,United States,Y
21124,ViaAir,,SRY,United States,Y
21251,Lynx Aviation (L3/SSX),,SSX,United States,N
